[{"term":" API Reference","url":"index.md.html"},{"term":"Basic","url":"harp_Basic.md.html"},{"term":"Device","url":"harp_Device.md.html"},{"term":"Index","url":"index.md.html"},{"term":"Information","url":"harp_Information.md.html"},{"term":"MDHBasic.Attachment.load","url":"harp_Basic.md.html"},{"term":"MDHBasic.Attachment.loadTablet","url":"harp_Basic.md.html"},{"term":"MDHBasic.Event.addListener","url":"harp_Basic.md.html"},{"term":"MDHBasic.Event.removeListener","url":"harp_Basic.md.html"},{"term":"MDHBasic.ScreenLock.isLocked","url":"harp_Basic.md.html"},{"term":"MDHBasic.ScreenLock.unlock","url":"harp_Basic.md.html"},{"term":"MDHBasic.SEMP.request","url":"harp_Basic.md.html"},{"term":"MDHBasic.SEMPLog.transferFile","url":"harp_Basic.md.html"},{"term":"MDHBasic.SSO.getInfo","url":"harp_Basic.md.html"},{"term":"MDHBasic.VPN.AutoReconnect","url":"harp_Basic.md.html"},{"term":"MDHBasic.VPN.checkStatus","url":"harp_Basic.md.html"},{"term":"MDHBasic.VPN.connect","url":"harp_Basic.md.html"},{"term":"MDHBasic.VPN.disconnect","url":"harp_Basic.md.html"},{"term":"MDHBasic.VPN.IsConnected","url":"harp_Basic.md.html"},{"term":"MDHBasic.VPN.IsExistKeyPairs","url":"harp_Basic.md.html"},{"term":"MDHBasic.VPN.IsKeepConnection","url":"harp_Basic.md.html"},{"term":"MDHBasic.VPN.IsProvised","url":"harp_Basic.md.html"},{"term":"MDHBasic.VPN.setCryptoMethod","url":"harp_Basic.md.html"},{"term":"MDHBasic.VPN.setKeepAliveDuration","url":"harp_Basic.md.html"},{"term":"MDHBasic.VPN.setSessionCheckDuration","url":"harp_Basic.md.html"},{"term":"MDHDevice.Accelerator.clearWatch","url":"harp_Device.md.html"},{"term":"MDHDevice.Accelerator.getCurrentAcceleration","url":"harp_Device.md.html"},{"term":"MDHDevice.Accelerator.watchAcceleration","url":"harp_Device.md.html"},{"term":"MDHDevice.Camera.addListener","url":"harp_Device.md.html"},{"term":"MDHDevice.Camera.deleteImage","url":"harp_Device.md.html"},{"term":"MDHDevice.Camera.getPicture","url":"harp_Device.md.html"},{"term":"MDHDevice.Camera.removeListener","url":"harp_Device.md.html"},{"term":"MDHDevice.Compass.clearWatch","url":"harp_Device.md.html"},{"term":"MDHDevice.Compass.getCurrentCompass","url":"harp_Device.md.html"},{"term":"MDHDevice.Compass.watchCompass","url":"harp_Device.md.html"},{"term":"MDHDevice.GPS.clearWatch","url":"harp_Device.md.html"},{"term":"MDHDevice.GPS.getCurrentPosition","url":"harp_Device.md.html"},{"term":"MDHDevice.GPS.watchPosition","url":"harp_Device.md.html"},{"term":"MDHDevice.Media.getCurrentPosition","url":"harp_Device.md.html"},{"term":"MDHDevice.Media.getDuration","url":"harp_Device.md.html"},{"term":"MDHDevice.Media.pause","url":"harp_Device.md.html"},{"term":"MDHDevice.Media.play","url":"harp_Device.md.html"},{"term":"MDHDevice.Media.startRecord","url":"harp_Device.md.html"},{"term":"MDHDevice.Media.stop","url":"harp_Device.md.html"},{"term":"MDHDevice.Media.stopRecord","url":"harp_Device.md.html"},{"term":"MDHDevice.Network.isReachable","url":"harp_Device.md.html"},{"term":"MDHDevice.Vibrator.run","url":"harp_Device.md.html"},{"term":"MDHInfo.Device.getBatteryInfo","url":"harp_Information.md.html"},{"term":"MDHInfo.Device.getDeviceInfo","url":"harp_Information.md.html"},{"term":"MDHInfo.Device.getLanguage","url":"harp_Information.md.html"},{"term":"MDHInfo.Device.getNetworkInfo","url":"harp_Information.md.html"},{"term":"MDHInfo.Device.getStorageInfo","url":"harp_Information.md.html"},{"term":"MDHInfo.Platform.getVersions","url":"harp_Information.md.html"},{"term":"MDHPhone.Contact.search","url":"harp_Phone.md.html"},{"term":"MDHPhone.Telephony.call","url":"harp_Phone.md.html"},{"term":"MDHPhone.Telephony.sendSMS","url":"harp_Phone.md.html"},{"term":"MDHStorage.File.exists","url":"harp_Storage.md.html"},{"term":"MDHStorage.File.fileSize","url":"harp_Storage.md.html"},{"term":"MDHStorage.File.getFreeDiskSpace","url":"harp_Storage.md.html"},{"term":"MDHStorage.File.list","url":"harp_Storage.md.html"},{"term":"MDHStorage.File.remove","url":"harp_Storage.md.html"},{"term":"MDHStorage.FileReader.abort","url":"harp_Storage.md.html"},{"term":"MDHStorage.FileReader.onabort","url":"harp_Storage.md.html"},{"term":"MDHStorage.FileReader.onerror","url":"harp_Storage.md.html"},{"term":"MDHStorage.FileReader.onload","url":"harp_Storage.md.html"},{"term":"MDHStorage.FileReader.onloadstart","url":"harp_Storage.md.html"},{"term":"MDHStorage.FileReader.read","url":"harp_Storage.md.html"},{"term":"MDHStorage.FileTransfer.download","url":"harp_Storage.md.html"},{"term":"MDHStorage.FileTransfer.upload","url":"harp_Storage.md.html"},{"term":"MDHStorage.FileWriter.abort","url":"harp_Storage.md.html"},{"term":"MDHStorage.FileWriter.onabort","url":"harp_Storage.md.html"},{"term":"MDHStorage.FileWriter.onerror","url":"harp_Storage.md.html"},{"term":"MDHStorage.FileWriter.onwriteend","url":"harp_Storage.md.html"},{"term":"MDHStorage.FileWriter.onwritestart","url":"harp_Storage.md.html"},{"term":"MDHStorage.FileWriter.seek","url":"harp_Storage.md.html"},{"term":"MDHStorage.FileWriter.truncate","url":"harp_Storage.md.html"},{"term":"MDHStorage.FileWriter.write","url":"harp_Storage.md.html"},{"term":"MDHUtil.AR.show","url":"harp_Utils.md.html"},{"term":"MDHUtil.Barcode.decode","url":"harp_Utils.md.html"},{"term":"MDHUtil.Barcode.encode","url":"harp_Utils.md.html"},{"term":"MDHUtil.Browser.clearCache","url":"harp_Utils.md.html"},{"term":"MDHUtil.Browser.clearHistory","url":"harp_Utils.md.html"},{"term":"MDHUtil.Browser.getCurrentOrientation","url":"harp_Utils.md.html"},{"term":"MDHUtil.Browser.getOrientation","url":"harp_Utils.md.html"},{"term":"MDHUtil.Browser.setOrientation","url":"harp_Utils.md.html"},{"term":"MDHUtil.Browser.startLoadingBar","url":"harp_Utils.md.html"},{"term":"MDHUtil.Browser.stopLoadingBar","url":"harp_Utils.md.html"},{"term":"MDHUtil.Browser.terminateApp","url":"harp_Utils.md.html"},{"term":"MDHUtil.Push.addListener","url":"harp_Utils.md.html"},{"term":"MDHUtil.Push.delregid","url":"harp_Utils.md.html"},{"term":"MDHUtil.Push.getregid","url":"harp_Utils.md.html"},{"term":"MDHUtil.Push.removeListener","url":"harp_Utils.md.html"},{"term":"MDHUtil.Push.testsend","url":"harp_Utils.md.html"},{"term":"Phone","url":"harp_Phone.md.html"},{"term":"Storage","url":"harp_Storage.md.html"},{"term":"Utils","url":"harp_Utils.md.html"}]